INSERT INTO part(part_id, part_name) VALUES (1,'1번 파트'),(2,'2번 파트'),(3,'3번 파트'),(4,'4번 파트'),(5,'5번 파트'),(6,'6번 파트'),(7,'7번 파트') ON DUPLICATE KEY UPDATE part_name=VALUES(part_name);
-- Insert members (run once on fresh DB). If already inserted, delete duplicates as needed.
INSERT INTO member(name, part_id, active) VALUES ('구성원01',1,TRUE),('구성원02',2,TRUE),('구성원03',3,TRUE),('구성원04',4,TRUE),('구성원05',5,TRUE),('구성원06',6,TRUE),('구성원07',7,TRUE),('구성원08',1,TRUE),('구성원09',2,TRUE),('구성원10',3,TRUE),('구성원11',4,TRUE),('구성원12',5,TRUE),('구성원13',6,TRUE),('구성원14',7,TRUE),('구성원15',1,TRUE),('구성원16',2,TRUE),('구성원17',3,TRUE),('구성원18',4,TRUE),('구성원19',5,TRUE);
INSERT INTO part_kpi_weekly(year,week,part_id,revenue,op_profit) VALUES (2026,5,1,2240000000,376671193) ON DUPLICATE KEY UPDATE revenue=VALUES(revenue), op_profit=VALUES(op_profit);
INSERT INTO part_kpi_weekly(year,week,part_id,revenue,op_profit) VALUES (2026,5,2,850000000,87353808) ON DUPLICATE KEY UPDATE revenue=VALUES(revenue), op_profit=VALUES(op_profit);
INSERT INTO part_kpi_weekly(year,week,part_id,revenue,op_profit) VALUES (2026,5,3,1080000000,215825129) ON DUPLICATE KEY UPDATE revenue=VALUES(revenue), op_profit=VALUES(op_profit);
INSERT INTO part_kpi_weekly(year,week,part_id,revenue,op_profit) VALUES (2026,5,4,1610000000,102250992) ON DUPLICATE KEY UPDATE revenue=VALUES(revenue), op_profit=VALUES(op_profit);
INSERT INTO part_kpi_weekly(year,week,part_id,revenue,op_profit) VALUES (2026,5,5,2200000000,286304354) ON DUPLICATE KEY UPDATE revenue=VALUES(revenue), op_profit=VALUES(op_profit);
INSERT INTO part_kpi_weekly(year,week,part_id,revenue,op_profit) VALUES (2026,5,6,1590000000,165110201) ON DUPLICATE KEY UPDATE revenue=VALUES(revenue), op_profit=VALUES(op_profit);
INSERT INTO part_kpi_weekly(year,week,part_id,revenue,op_profit) VALUES (2026,5,7,1280000000,101470381) ON DUPLICATE KEY UPDATE revenue=VALUES(revenue), op_profit=VALUES(op_profit);
INSERT INTO member_kpi_weekly(year,week,member_id,weekly_report_done,gdc_used,gdc_mm,ai_used) SELECT 2026,5,m.member_id,1,1,9.56,0 FROM member m WHERE m.name='구성원01' ON DUPLICATE KEY UPDATE weekly_report_done=VALUES(weekly_report_done), gdc_used=VALUES(gdc_used), gdc_mm=VALUES(gdc_mm), ai_used=VALUES(ai_used);
INSERT INTO member_kpi_weekly(year,week,member_id,weekly_report_done,gdc_used,gdc_mm,ai_used) SELECT 2026,5,m.member_id,1,0,0,0 FROM member m WHERE m.name='구성원02' ON DUPLICATE KEY UPDATE weekly_report_done=VALUES(weekly_report_done), gdc_used=VALUES(gdc_used), gdc_mm=VALUES(gdc_mm), ai_used=VALUES(ai_used);
INSERT INTO member_kpi_weekly(year,week,member_id,weekly_report_done,gdc_used,gdc_mm,ai_used) SELECT 2026,5,m.member_id,1,1,5.51,1 FROM member m WHERE m.name='구성원03' ON DUPLICATE KEY UPDATE weekly_report_done=VALUES(weekly_report_done), gdc_used=VALUES(gdc_used), gdc_mm=VALUES(gdc_mm), ai_used=VALUES(ai_used);
INSERT INTO member_kpi_weekly(year,week,member_id,weekly_report_done,gdc_used,gdc_mm,ai_used) SELECT 2026,5,m.member_id,1,0,0,0 FROM member m WHERE m.name='구성원04' ON DUPLICATE KEY UPDATE weekly_report_done=VALUES(weekly_report_done), gdc_used=VALUES(gdc_used), gdc_mm=VALUES(gdc_mm), ai_used=VALUES(ai_used);
INSERT INTO member_kpi_weekly(year,week,member_id,weekly_report_done,gdc_used,gdc_mm,ai_used) SELECT 2026,5,m.member_id,1,0,0,1 FROM member m WHERE m.name='구성원05' ON DUPLICATE KEY UPDATE weekly_report_done=VALUES(weekly_report_done), gdc_used=VALUES(gdc_used), gdc_mm=VALUES(gdc_mm), ai_used=VALUES(ai_used);
INSERT INTO member_kpi_weekly(year,week,member_id,weekly_report_done,gdc_used,gdc_mm,ai_used) SELECT 2026,5,m.member_id,0,1,11.26,0 FROM member m WHERE m.name='구성원06' ON DUPLICATE KEY UPDATE weekly_report_done=VALUES(weekly_report_done), gdc_used=VALUES(gdc_used), gdc_mm=VALUES(gdc_mm), ai_used=VALUES(ai_used);
INSERT INTO member_kpi_weekly(year,week,member_id,weekly_report_done,gdc_used,gdc_mm,ai_used) SELECT 2026,5,m.member_id,0,1,3.69,0 FROM member m WHERE m.name='구성원07' ON DUPLICATE KEY UPDATE weekly_report_done=VALUES(weekly_report_done), gdc_used=VALUES(gdc_used), gdc_mm=VALUES(gdc_mm), ai_used=VALUES(ai_used);
INSERT INTO member_kpi_weekly(year,week,member_id,weekly_report_done,gdc_used,gdc_mm,ai_used) SELECT 2026,5,m.member_id,1,1,8.43,1 FROM member m WHERE m.name='구성원08' ON DUPLICATE KEY UPDATE weekly_report_done=VALUES(weekly_report_done), gdc_used=VALUES(gdc_used), gdc_mm=VALUES(gdc_mm), ai_used=VALUES(ai_used);
INSERT INTO member_kpi_weekly(year,week,member_id,weekly_report_done,gdc_used,gdc_mm,ai_used) SELECT 2026,5,m.member_id,1,0,0,0 FROM member m WHERE m.name='구성원09' ON DUPLICATE KEY UPDATE weekly_report_done=VALUES(weekly_report_done), gdc_used=VALUES(gdc_used), gdc_mm=VALUES(gdc_mm), ai_used=VALUES(ai_used);
INSERT INTO member_kpi_weekly(year,week,member_id,weekly_report_done,gdc_used,gdc_mm,ai_used) SELECT 2026,5,m.member_id,0,0,0,1 FROM member m WHERE m.name='구성원10' ON DUPLICATE KEY UPDATE weekly_report_done=VALUES(weekly_report_done), gdc_used=VALUES(gdc_used), gdc_mm=VALUES(gdc_mm), ai_used=VALUES(ai_used);
INSERT INTO member_kpi_weekly(year,week,member_id,weekly_report_done,gdc_used,gdc_mm,ai_used) SELECT 2026,5,m.member_id,1,1,2.97,1 FROM member m WHERE m.name='구성원11' ON DUPLICATE KEY UPDATE weekly_report_done=VALUES(weekly_report_done), gdc_used=VALUES(gdc_used), gdc_mm=VALUES(gdc_mm), ai_used=VALUES(ai_used);
INSERT INTO member_kpi_weekly(year,week,member_id,weekly_report_done,gdc_used,gdc_mm,ai_used) SELECT 2026,5,m.member_id,0,1,2.14,1 FROM member m WHERE m.name='구성원12' ON DUPLICATE KEY UPDATE weekly_report_done=VALUES(weekly_report_done), gdc_used=VALUES(gdc_used), gdc_mm=VALUES(gdc_mm), ai_used=VALUES(ai_used);
INSERT INTO member_kpi_weekly(year,week,member_id,weekly_report_done,gdc_used,gdc_mm,ai_used) SELECT 2026,5,m.member_id,1,1,7.72,1 FROM member m WHERE m.name='구성원13' ON DUPLICATE KEY UPDATE weekly_report_done=VALUES(weekly_report_done), gdc_used=VALUES(gdc_used), gdc_mm=VALUES(gdc_mm), ai_used=VALUES(ai_used);
INSERT INTO member_kpi_weekly(year,week,member_id,weekly_report_done,gdc_used,gdc_mm,ai_used) SELECT 2026,5,m.member_id,1,0,0,1 FROM member m WHERE m.name='구성원14' ON DUPLICATE KEY UPDATE weekly_report_done=VALUES(weekly_report_done), gdc_used=VALUES(gdc_used), gdc_mm=VALUES(gdc_mm), ai_used=VALUES(ai_used);
INSERT INTO member_kpi_weekly(year,week,member_id,weekly_report_done,gdc_used,gdc_mm,ai_used) SELECT 2026,5,m.member_id,1,1,3.53,1 FROM member m WHERE m.name='구성원15' ON DUPLICATE KEY UPDATE weekly_report_done=VALUES(weekly_report_done), gdc_used=VALUES(gdc_used), gdc_mm=VALUES(gdc_mm), ai_used=VALUES(ai_used);
INSERT INTO member_kpi_weekly(year,week,member_id,weekly_report_done,gdc_used,gdc_mm,ai_used) SELECT 2026,5,m.member_id,1,1,2.27,0 FROM member m WHERE m.name='구성원16' ON DUPLICATE KEY UPDATE weekly_report_done=VALUES(weekly_report_done), gdc_used=VALUES(gdc_used), gdc_mm=VALUES(gdc_mm), ai_used=VALUES(ai_used);
INSERT INTO member_kpi_weekly(year,week,member_id,weekly_report_done,gdc_used,gdc_mm,ai_used) SELECT 2026,5,m.member_id,1,0,0,1 FROM member m WHERE m.name='구성원17' ON DUPLICATE KEY UPDATE weekly_report_done=VALUES(weekly_report_done), gdc_used=VALUES(gdc_used), gdc_mm=VALUES(gdc_mm), ai_used=VALUES(ai_used);
INSERT INTO member_kpi_weekly(year,week,member_id,weekly_report_done,gdc_used,gdc_mm,ai_used) SELECT 2026,5,m.member_id,0,0,0,0 FROM member m WHERE m.name='구성원18' ON DUPLICATE KEY UPDATE weekly_report_done=VALUES(weekly_report_done), gdc_used=VALUES(gdc_used), gdc_mm=VALUES(gdc_mm), ai_used=VALUES(ai_used);
INSERT INTO member_kpi_weekly(year,week,member_id,weekly_report_done,gdc_used,gdc_mm,ai_used) SELECT 2026,5,m.member_id,1,0,0,1 FROM member m WHERE m.name='구성원19' ON DUPLICATE KEY UPDATE weekly_report_done=VALUES(weekly_report_done), gdc_used=VALUES(gdc_used), gdc_mm=VALUES(gdc_mm), ai_used=VALUES(ai_used);
INSERT INTO part_kpi_weekly(year,week,part_id,revenue,op_profit) VALUES (2026,6,1,2250000000,201702654) ON DUPLICATE KEY UPDATE revenue=VALUES(revenue), op_profit=VALUES(op_profit);
INSERT INTO part_kpi_weekly(year,week,part_id,revenue,op_profit) VALUES (2026,6,2,2380000000,490758434) ON DUPLICATE KEY UPDATE revenue=VALUES(revenue), op_profit=VALUES(op_profit);
INSERT INTO part_kpi_weekly(year,week,part_id,revenue,op_profit) VALUES (2026,6,3,1340000000,183138638) ON DUPLICATE KEY UPDATE revenue=VALUES(revenue), op_profit=VALUES(op_profit);
INSERT INTO part_kpi_weekly(year,week,part_id,revenue,op_profit) VALUES (2026,6,4,1190000000,198007208) ON DUPLICATE KEY UPDATE revenue=VALUES(revenue), op_profit=VALUES(op_profit);
INSERT INTO part_kpi_weekly(year,week,part_id,revenue,op_profit) VALUES (2026,6,5,2000000000,384064730) ON DUPLICATE KEY UPDATE revenue=VALUES(revenue), op_profit=VALUES(op_profit);
INSERT INTO part_kpi_weekly(year,week,part_id,revenue,op_profit) VALUES (2026,6,6,1890000000,373208208) ON DUPLICATE KEY UPDATE revenue=VALUES(revenue), op_profit=VALUES(op_profit);
INSERT INTO part_kpi_weekly(year,week,part_id,revenue,op_profit) VALUES (2026,6,7,1630000000,165771721) ON DUPLICATE KEY UPDATE revenue=VALUES(revenue), op_profit=VALUES(op_profit);
INSERT INTO member_kpi_weekly(year,week,member_id,weekly_report_done,gdc_used,gdc_mm,ai_used) SELECT 2026,6,m.member_id,0,1,5.21,0 FROM member m WHERE m.name='구성원01' ON DUPLICATE KEY UPDATE weekly_report_done=VALUES(weekly_report_done), gdc_used=VALUES(gdc_used), gdc_mm=VALUES(gdc_mm), ai_used=VALUES(ai_used);
INSERT INTO member_kpi_weekly(year,week,member_id,weekly_report_done,gdc_used,gdc_mm,ai_used) SELECT 2026,6,m.member_id,1,0,0,1 FROM member m WHERE m.name='구성원02' ON DUPLICATE KEY UPDATE weekly_report_done=VALUES(weekly_report_done), gdc_used=VALUES(gdc_used), gdc_mm=VALUES(gdc_mm), ai_used=VALUES(ai_used);
INSERT INTO member_kpi_weekly(year,week,member_id,weekly_report_done,gdc_used,gdc_mm,ai_used) SELECT 2026,6,m.member_id,0,0,0,1 FROM member m WHERE m.name='구성원03' ON DUPLICATE KEY UPDATE weekly_report_done=VALUES(weekly_report_done), gdc_used=VALUES(gdc_used), gdc_mm=VALUES(gdc_mm), ai_used=VALUES(ai_used);
INSERT INTO member_kpi_weekly(year,week,member_id,weekly_report_done,gdc_used,gdc_mm,ai_used) SELECT 2026,6,m.member_id,1,1,9.82,1 FROM member m WHERE m.name='구성원04' ON DUPLICATE KEY UPDATE weekly_report_done=VALUES(weekly_report_done), gdc_used=VALUES(gdc_used), gdc_mm=VALUES(gdc_mm), ai_used=VALUES(ai_used);
INSERT INTO member_kpi_weekly(year,week,member_id,weekly_report_done,gdc_used,gdc_mm,ai_used) SELECT 2026,6,m.member_id,1,1,10.3,0 FROM member m WHERE m.name='구성원05' ON DUPLICATE KEY UPDATE weekly_report_done=VALUES(weekly_report_done), gdc_used=VALUES(gdc_used), gdc_mm=VALUES(gdc_mm), ai_used=VALUES(ai_used);
INSERT INTO member_kpi_weekly(year,week,member_id,weekly_report_done,gdc_used,gdc_mm,ai_used) SELECT 2026,6,m.member_id,1,1,9.63,1 FROM member m WHERE m.name='구성원06' ON DUPLICATE KEY UPDATE weekly_report_done=VALUES(weekly_report_done), gdc_used=VALUES(gdc_used), gdc_mm=VALUES(gdc_mm), ai_used=VALUES(ai_used);
INSERT INTO member_kpi_weekly(year,week,member_id,weekly_report_done,gdc_used,gdc_mm,ai_used) SELECT 2026,6,m.member_id,1,0,0,0 FROM member m WHERE m.name='구성원07' ON DUPLICATE KEY UPDATE weekly_report_done=VALUES(weekly_report_done), gdc_used=VALUES(gdc_used), gdc_mm=VALUES(gdc_mm), ai_used=VALUES(ai_used);
INSERT INTO member_kpi_weekly(year,week,member_id,weekly_report_done,gdc_used,gdc_mm,ai_used) SELECT 2026,6,m.member_id,1,0,0,0 FROM member m WHERE m.name='구성원08' ON DUPLICATE KEY UPDATE weekly_report_done=VALUES(weekly_report_done), gdc_used=VALUES(gdc_used), gdc_mm=VALUES(gdc_mm), ai_used=VALUES(ai_used);
INSERT INTO member_kpi_weekly(year,week,member_id,weekly_report_done,gdc_used,gdc_mm,ai_used) SELECT 2026,6,m.member_id,0,0,0,1 FROM member m WHERE m.name='구성원09' ON DUPLICATE KEY UPDATE weekly_report_done=VALUES(weekly_report_done), gdc_used=VALUES(gdc_used), gdc_mm=VALUES(gdc_mm), ai_used=VALUES(ai_used);
INSERT INTO member_kpi_weekly(year,week,member_id,weekly_report_done,gdc_used,gdc_mm,ai_used) SELECT 2026,6,m.member_id,1,0,0,0 FROM member m WHERE m.name='구성원10' ON DUPLICATE KEY UPDATE weekly_report_done=VALUES(weekly_report_done), gdc_used=VALUES(gdc_used), gdc_mm=VALUES(gdc_mm), ai_used=VALUES(ai_used);
INSERT INTO member_kpi_weekly(year,week,member_id,weekly_report_done,gdc_used,gdc_mm,ai_used) SELECT 2026,6,m.member_id,0,1,8.26,1 FROM member m WHERE m.name='구성원11' ON DUPLICATE KEY UPDATE weekly_report_done=VALUES(weekly_report_done), gdc_used=VALUES(gdc_used), gdc_mm=VALUES(gdc_mm), ai_used=VALUES(ai_used);
INSERT INTO member_kpi_weekly(year,week,member_id,weekly_report_done,gdc_used,gdc_mm,ai_used) SELECT 2026,6,m.member_id,1,1,8.73,1 FROM member m WHERE m.name='구성원12' ON DUPLICATE KEY UPDATE weekly_report_done=VALUES(weekly_report_done), gdc_used=VALUES(gdc_used), gdc_mm=VALUES(gdc_mm), ai_used=VALUES(ai_used);
INSERT INTO member_kpi_weekly(year,week,member_id,weekly_report_done,gdc_used,gdc_mm,ai_used) SELECT 2026,6,m.member_id,1,1,9.39,1 FROM member m WHERE m.name='구성원13' ON DUPLICATE KEY UPDATE weekly_report_done=VALUES(weekly_report_done), gdc_used=VALUES(gdc_used), gdc_mm=VALUES(gdc_mm), ai_used=VALUES(ai_used);
INSERT INTO member_kpi_weekly(year,week,member_id,weekly_report_done,gdc_used,gdc_mm,ai_used) SELECT 2026,6,m.member_id,1,1,10.5,1 FROM member m WHERE m.name='구성원14' ON DUPLICATE KEY UPDATE weekly_report_done=VALUES(weekly_report_done), gdc_used=VALUES(gdc_used), gdc_mm=VALUES(gdc_mm), ai_used=VALUES(ai_used);
INSERT INTO member_kpi_weekly(year,week,member_id,weekly_report_done,gdc_used,gdc_mm,ai_used) SELECT 2026,6,m.member_id,1,0,0,0 FROM member m WHERE m.name='구성원15' ON DUPLICATE KEY UPDATE weekly_report_done=VALUES(weekly_report_done), gdc_used=VALUES(gdc_used), gdc_mm=VALUES(gdc_mm), ai_used=VALUES(ai_used);
INSERT INTO member_kpi_weekly(year,week,member_id,weekly_report_done,gdc_used,gdc_mm,ai_used) SELECT 2026,6,m.member_id,0,0,0,1 FROM member m WHERE m.name='구성원16' ON DUPLICATE KEY UPDATE weekly_report_done=VALUES(weekly_report_done), gdc_used=VALUES(gdc_used), gdc_mm=VALUES(gdc_mm), ai_used=VALUES(ai_used);
INSERT INTO member_kpi_weekly(year,week,member_id,weekly_report_done,gdc_used,gdc_mm,ai_used) SELECT 2026,6,m.member_id,1,1,7.95,0 FROM member m WHERE m.name='구성원17' ON DUPLICATE KEY UPDATE weekly_report_done=VALUES(weekly_report_done), gdc_used=VALUES(gdc_used), gdc_mm=VALUES(gdc_mm), ai_used=VALUES(ai_used);
INSERT INTO member_kpi_weekly(year,week,member_id,weekly_report_done,gdc_used,gdc_mm,ai_used) SELECT 2026,6,m.member_id,1,1,7.02,1 FROM member m WHERE m.name='구성원18' ON DUPLICATE KEY UPDATE weekly_report_done=VALUES(weekly_report_done), gdc_used=VALUES(gdc_used), gdc_mm=VALUES(gdc_mm), ai_used=VALUES(ai_used);
INSERT INTO member_kpi_weekly(year,week,member_id,weekly_report_done,gdc_used,gdc_mm,ai_used) SELECT 2026,6,m.member_id,1,1,1.92,0 FROM member m WHERE m.name='구성원19' ON DUPLICATE KEY UPDATE weekly_report_done=VALUES(weekly_report_done), gdc_used=VALUES(gdc_used), gdc_mm=VALUES(gdc_mm), ai_used=VALUES(ai_used);
INSERT INTO part_kpi_weekly(year,week,part_id,revenue,op_profit) VALUES (2026,7,1,1510000000,257273977) ON DUPLICATE KEY UPDATE revenue=VALUES(revenue), op_profit=VALUES(op_profit);
INSERT INTO part_kpi_weekly(year,week,part_id,revenue,op_profit) VALUES (2026,7,2,1710000000,217021175) ON DUPLICATE KEY UPDATE revenue=VALUES(revenue), op_profit=VALUES(op_profit);
INSERT INTO part_kpi_weekly(year,week,part_id,revenue,op_profit) VALUES (2026,7,3,810000000,92565684) ON DUPLICATE KEY UPDATE revenue=VALUES(revenue), op_profit=VALUES(op_profit);
INSERT INTO part_kpi_weekly(year,week,part_id,revenue,op_profit) VALUES (2026,7,4,2310000000,276461870) ON DUPLICATE KEY UPDATE revenue=VALUES(revenue), op_profit=VALUES(op_profit);
INSERT INTO part_kpi_weekly(year,week,part_id,revenue,op_profit) VALUES (2026,7,5,2330000000,255225931) ON DUPLICATE KEY UPDATE revenue=VALUES(revenue), op_profit=VALUES(op_profit);
INSERT INTO part_kpi_weekly(year,week,part_id,revenue,op_profit) VALUES (2026,7,6,930000000,84389778) ON DUPLICATE KEY UPDATE revenue=VALUES(revenue), op_profit=VALUES(op_profit);
INSERT INTO part_kpi_weekly(year,week,part_id,revenue,op_profit) VALUES (2026,7,7,1560000000,265174132) ON DUPLICATE KEY UPDATE revenue=VALUES(revenue), op_profit=VALUES(op_profit);
INSERT INTO member_kpi_weekly(year,week,member_id,weekly_report_done,gdc_used,gdc_mm,ai_used) SELECT 2026,7,m.member_id,1,1,7.51,1 FROM member m WHERE m.name='구성원01' ON DUPLICATE KEY UPDATE weekly_report_done=VALUES(weekly_report_done), gdc_used=VALUES(gdc_used), gdc_mm=VALUES(gdc_mm), ai_used=VALUES(ai_used);
INSERT INTO member_kpi_weekly(year,week,member_id,weekly_report_done,gdc_used,gdc_mm,ai_used) SELECT 2026,7,m.member_id,1,1,5.33,1 FROM member m WHERE m.name='구성원02' ON DUPLICATE KEY UPDATE weekly_report_done=VALUES(weekly_report_done), gdc_used=VALUES(gdc_used), gdc_mm=VALUES(gdc_mm), ai_used=VALUES(ai_used);
INSERT INTO member_kpi_weekly(year,week,member_id,weekly_report_done,gdc_used,gdc_mm,ai_used) SELECT 2026,7,m.member_id,1,1,0.28,0 FROM member m WHERE m.name='구성원03' ON DUPLICATE KEY UPDATE weekly_report_done=VALUES(weekly_report_done), gdc_used=VALUES(gdc_used), gdc_mm=VALUES(gdc_mm), ai_used=VALUES(ai_used);
INSERT INTO member_kpi_weekly(year,week,member_id,weekly_report_done,gdc_used,gdc_mm,ai_used) SELECT 2026,7,m.member_id,1,1,3.11,0 FROM member m WHERE m.name='구성원04' ON DUPLICATE KEY UPDATE weekly_report_done=VALUES(weekly_report_done), gdc_used=VALUES(gdc_used), gdc_mm=VALUES(gdc_mm), ai_used=VALUES(ai_used);
INSERT INTO member_kpi_weekly(year,week,member_id,weekly_report_done,gdc_used,gdc_mm,ai_used) SELECT 2026,7,m.member_id,1,1,7.72,1 FROM member m WHERE m.name='구성원05' ON DUPLICATE KEY UPDATE weekly_report_done=VALUES(weekly_report_done), gdc_used=VALUES(gdc_used), gdc_mm=VALUES(gdc_mm), ai_used=VALUES(ai_used);
INSERT INTO member_kpi_weekly(year,week,member_id,weekly_report_done,gdc_used,gdc_mm,ai_used) SELECT 2026,7,m.member_id,1,0,0,1 FROM member m WHERE m.name='구성원06' ON DUPLICATE KEY UPDATE weekly_report_done=VALUES(weekly_report_done), gdc_used=VALUES(gdc_used), gdc_mm=VALUES(gdc_mm), ai_used=VALUES(ai_used);
INSERT INTO member_kpi_weekly(year,week,member_id,weekly_report_done,gdc_used,gdc_mm,ai_used) SELECT 2026,7,m.member_id,1,1,1.55,1 FROM member m WHERE m.name='구성원07' ON DUPLICATE KEY UPDATE weekly_report_done=VALUES(weekly_report_done), gdc_used=VALUES(gdc_used), gdc_mm=VALUES(gdc_mm), ai_used=VALUES(ai_used);
INSERT INTO member_kpi_weekly(year,week,member_id,weekly_report_done,gdc_used,gdc_mm,ai_used) SELECT 2026,7,m.member_id,1,0,0,1 FROM member m WHERE m.name='구성원08' ON DUPLICATE KEY UPDATE weekly_report_done=VALUES(weekly_report_done), gdc_used=VALUES(gdc_used), gdc_mm=VALUES(gdc_mm), ai_used=VALUES(ai_used);
INSERT INTO member_kpi_weekly(year,week,member_id,weekly_report_done,gdc_used,gdc_mm,ai_used) SELECT 2026,7,m.member_id,1,1,0.35,1 FROM member m WHERE m.name='구성원09' ON DUPLICATE KEY UPDATE weekly_report_done=VALUES(weekly_report_done), gdc_used=VALUES(gdc_used), gdc_mm=VALUES(gdc_mm), ai_used=VALUES(ai_used);
INSERT INTO member_kpi_weekly(year,week,member_id,weekly_report_done,gdc_used,gdc_mm,ai_used) SELECT 2026,7,m.member_id,1,1,0.05,1 FROM member m WHERE m.name='구성원10' ON DUPLICATE KEY UPDATE weekly_report_done=VALUES(weekly_report_done), gdc_used=VALUES(gdc_used), gdc_mm=VALUES(gdc_mm), ai_used=VALUES(ai_used);
INSERT INTO member_kpi_weekly(year,week,member_id,weekly_report_done,gdc_used,gdc_mm,ai_used) SELECT 2026,7,m.member_id,1,0,0,1 FROM member m WHERE m.name='구성원11' ON DUPLICATE KEY UPDATE weekly_report_done=VALUES(weekly_report_done), gdc_used=VALUES(gdc_used), gdc_mm=VALUES(gdc_mm), ai_used=VALUES(ai_used);
INSERT INTO member_kpi_weekly(year,week,member_id,weekly_report_done,gdc_used,gdc_mm,ai_used) SELECT 2026,7,m.member_id,1,0,0,0 FROM member m WHERE m.name='구성원12' ON DUPLICATE KEY UPDATE weekly_report_done=VALUES(weekly_report_done), gdc_used=VALUES(gdc_used), gdc_mm=VALUES(gdc_mm), ai_used=VALUES(ai_used);
INSERT INTO member_kpi_weekly(year,week,member_id,weekly_report_done,gdc_used,gdc_mm,ai_used) SELECT 2026,7,m.member_id,1,0,0,1 FROM member m WHERE m.name='구성원13' ON DUPLICATE KEY UPDATE weekly_report_done=VALUES(weekly_report_done), gdc_used=VALUES(gdc_used), gdc_mm=VALUES(gdc_mm), ai_used=VALUES(ai_used);
INSERT INTO member_kpi_weekly(year,week,member_id,weekly_report_done,gdc_used,gdc_mm,ai_used) SELECT 2026,7,m.member_id,1,0,0,1 FROM member m WHERE m.name='구성원14' ON DUPLICATE KEY UPDATE weekly_report_done=VALUES(weekly_report_done), gdc_used=VALUES(gdc_used), gdc_mm=VALUES(gdc_mm), ai_used=VALUES(ai_used);
INSERT INTO member_kpi_weekly(year,week,member_id,weekly_report_done,gdc_used,gdc_mm,ai_used) SELECT 2026,7,m.member_id,1,1,9.45,1 FROM member m WHERE m.name='구성원15' ON DUPLICATE KEY UPDATE weekly_report_done=VALUES(weekly_report_done), gdc_used=VALUES(gdc_used), gdc_mm=VALUES(gdc_mm), ai_used=VALUES(ai_used);
INSERT INTO member_kpi_weekly(year,week,member_id,weekly_report_done,gdc_used,gdc_mm,ai_used) SELECT 2026,7,m.member_id,0,1,1.26,1 FROM member m WHERE m.name='구성원16' ON DUPLICATE KEY UPDATE weekly_report_done=VALUES(weekly_report_done), gdc_used=VALUES(gdc_used), gdc_mm=VALUES(gdc_mm), ai_used=VALUES(ai_used);
INSERT INTO member_kpi_weekly(year,week,member_id,weekly_report_done,gdc_used,gdc_mm,ai_used) SELECT 2026,7,m.member_id,1,0,0,1 FROM member m WHERE m.name='구성원17' ON DUPLICATE KEY UPDATE weekly_report_done=VALUES(weekly_report_done), gdc_used=VALUES(gdc_used), gdc_mm=VALUES(gdc_mm), ai_used=VALUES(ai_used);
INSERT INTO member_kpi_weekly(year,week,member_id,weekly_report_done,gdc_used,gdc_mm,ai_used) SELECT 2026,7,m.member_id,0,1,10.28,0 FROM member m WHERE m.name='구성원18' ON DUPLICATE KEY UPDATE weekly_report_done=VALUES(weekly_report_done), gdc_used=VALUES(gdc_used), gdc_mm=VALUES(gdc_mm), ai_used=VALUES(ai_used);
INSERT INTO member_kpi_weekly(year,week,member_id,weekly_report_done,gdc_used,gdc_mm,ai_used) SELECT 2026,7,m.member_id,1,0,0,0 FROM member m WHERE m.name='구성원19' ON DUPLICATE KEY UPDATE weekly_report_done=VALUES(weekly_report_done), gdc_used=VALUES(gdc_used), gdc_mm=VALUES(gdc_mm), ai_used=VALUES(ai_used);
